Machine_ID,Machine_Type,Usage_Hours,Temperature_C,Error_Rate_%,Maintenance_History,Failure
1,Ventilator,4031,46.13,3.37,0,0
2,Ultrasound,7647,31.14,4.13,7,0
3,X-Ray,4951,37.69,3.93,9,0
4,Ultrasound,4376,41.18,2.76,2,0
5,Ultrasound,6459,77.87,0.59,6,0
6,CT Scanner,626,58.65,3.47,0,0
7,X-Ray,3677,76.64,1.29,0,0
8,X-Ray,9295,58.76,4.56,9,0
9,X-Ray,6524,53.97,4.21,4,0
10,Ultrasound,5609,45.69,3.58,4,0
11,Ventilator,4646,60.32,4.75,7,0
12,X-Ray,7696,36.96,0.25,6,0
13,Ultrasound,3868,74.91,3.71,7,0
14,CT Scanner,4297,71.47,1.72,5,0
15,Ventilator,2292,45.88,4.54,5,0
16,CT Scanner,6232,77.64,1.41,1,0
17,Ventilator,3976,71.26,3.65,5,0
18,Ultrasound,3917,63.32,4.4,4,0
19,MRI,2145,36.09,0.3,2,0
20,Ventilator,9897,53.91,2.05,5,0
21,CT Scanner,3530,55.31,3.84,7,0
22,Ultrasound,3372,41.63,2.33,8,0
23,Ventilator,3572,34.0,1.41,0,0
24,MRI,2354,68.84,1.18,2,0
25,MRI,4521,36.1,0.74,2,0
26,X-Ray,5162,59.71,4.3,7,0
27,X-Ray,7014,76.82,2.92,0,1
28,CT Scanner,5531,73.81,0.47,4,0
29,Ventilator,3208,43.89,1.97,2,0
30,Ventilator,7612,72.57,1.9,1,0
31,X-Ray,8893,30.02,0.99,7,0
32,Ventilator,4007,30.88,2.23,2,0
33,Ventilator,6956,60.13,1.73,6,0
34,MRI,4712,48.24,1.77,0,0
35,X-Ray,8470,49.32,3.72,5,0
36,Ultrasound,9266,58.22,1.19,2,0
37,X-Ray,1036,39.59,3.25,7,0
38,Ultrasound,2125,40.59,2.9,5,0
39,MRI,8473,54.23,2.88,1,0
40,CT Scanner,9077,67.71,3.35,5,1
41,Ventilator,8570,60.97,2.79,6,1
42,MRI,9166,44.87,4.41,4,0
43,Ventilator,9109,51.52,3.41,2,0
44,CT Scanner,6990,38.53,2.78,3,0
45,CT Scanner,4100,33.73,4.17,3,0
46,MRI,7283,69.13,3.07,5,1
47,CT Scanner,9646,43.27,1.53,9,0
48,Ultrasound,5471,38.89,1.11,0,0
49,CT Scanner,1705,64.58,0.85,3,0
50,Ventilator,2490,60.9,4.51,9,0
51,Ventilator,5799,61.66,3.58,3,0
52,Ventilator,4072,41.44,4.69,9,0
53,Ventilator,6475,41.63,3.06,0,0
54,Ultrasound,6820,41.04,2.42,8,0
55,X-Ray,4880,38.69,0.39,3,0
56,MRI,5257,62.79,3.39,6,0
57,Ventilator,3213,72.4,2.95,2,0
58,CT Scanner,6088,66.22,4.95,9,0
59,Ventilator,1466,69.6,1.27,2,0
60,CT Scanner,5444,50.24,2.7,7,0
61,CT Scanner,3932,62.7,3.29,7,0
62,Ventilator,1188,47.71,3.26,0,0
63,Ultrasound,4743,56.28,2.85,9,0
64,CT Scanner,4201,54.08,3.91,1,0
65,CT Scanner,9033,38.84,1.1,7,0
66,Ventilator,5682,49.35,3.66,0,0
67,CT Scanner,7204,78.19,3.14,7,1
68,CT Scanner,4922,42.43,4.49,7,0
69,Ventilator,2259,36.69,4.25,1,0
70,Ventilator,9681,50.93,1.64,3,0
71,MRI,2982,69.52,1.45,5,0
72,Ultrasound,8558,59.11,4.91,8,0
73,Ultrasound,1451,64.05,2.68,7,0
74,CT Scanner,9414,39.48,4.54,7,0
75,Ultrasound,2579,60.95,0.9,6,0
76,CT Scanner,3217,46.18,3.25,8,0
77,MRI,5024,71.72,4.07,1,0
78,Ventilator,8977,61.46,4.74,2,1
79,Ventilator,7811,39.94,1.75,9,0
80,Ventilator,7686,33.23,3.65,7,0
81,Ultrasound,2565,32.13,2.74,5,0
82,MRI,1268,48.57,0.4,9,0
83,Ultrasound,5990,43.29,3.48,8,0
84,Ultrasound,7145,62.3,3.48,9,1
85,MRI,5583,54.97,4.66,3,0
86,MRI,5732,43.3,2.54,7,0
87,MRI,6297,37.46,1.23,9,0
88,MRI,9638,36.36,0.32,2,0
89,Ventilator,5426,73.23,2.14,2,0
90,X-Ray,6516,42.17,1.58,7,0
91,X-Ray,3835,62.59,3.83,4,0
92,MRI,8538,70.53,1.84,2,0
93,X-Ray,5373,60.7,4.75,9,0
94,X-Ray,1981,72.98,4.82,0,0
95,MRI,6805,49.62,3.14,2,0
96,X-Ray,3951,77.81,4.65,8,0
97,Ultrasound,554,36.66,3.83,4,0
98,CT Scanner,8143,35.11,2.78,9,0
99,CT Scanner,3962,62.93,0.98,1,0
100,MRI,1332,77.14,2.35,6,0
101,Ventilator,6454,70.44,2.85,1,0
102,MRI,9019,33.82,4.33,3,0
103,Ventilator,7721,43.97,2.46,6,0
104,CT Scanner,3810,76.52,4.5,3,0
105,MRI,3800,42.65,3.4,6,0
106,Ultrasound,7222,69.06,0.77,6,0
107,X-Ray,7718,71.26,4.98,0,1
108,Ventilator,8276,54.77,2.68,5,0
109,X-Ray,4175,49.32,2.02,8,0
110,X-Ray,3554,52.51,3.33,1,0
111,MRI,8470,41.35,0.63,2,0
112,X-Ray,2643,74.47,3.22,9,0
113,Ultrasound,5707,52.53,2.54,4,0
114,X-Ray,3038,74.12,2.09,8,0
115,MRI,5047,35.28,4.77,3,0
116,Ultrasound,6119,79.41,2.66,0,0
117,CT Scanner,8856,52.16,1.17,3,0
118,X-Ray,7112,32.39,2.35,5,0
119,MRI,5505,31.9,4.6,4,0
120,CT Scanner,1322,67.31,0.96,0,0
121,CT Scanner,1443,62.95,1.15,3,0
122,Ventilator,6650,70.11,0.16,5,0
123,Ultrasound,4925,35.27,0.17,9,0
124,X-Ray,9466,31.78,4.16,9,0
125,MRI,2698,55.43,3.69,3,0
126,Ventilator,4742,49.38,1.84,8,0
127,Ultrasound,4195,53.1,3.52,4,0
128,Ventilator,3952,79.58,2.04,7,0
129,Ultrasound,9606,78.54,4.77,8,1
130,Ultrasound,1808,77.12,4.84,9,0
131,X-Ray,4677,69.19,2.02,4,0
132,Ultrasound,9205,47.74,4.29,5,0
133,Ventilator,7352,50.61,3.89,0,0
134,Ultrasound,6535,57.48,1.62,6,0
135,X-Ray,4094,71.53,1.24,3,0
136,X-Ray,5341,33.44,2.35,1,0
137,Ventilator,1909,51.21,3.93,4,0
138,CT Scanner,5066,34.13,4.8,2,0
139,CT Scanner,4991,55.73,3.84,5,0
140,Ultrasound,2055,74.95,4.29,7,0
141,MRI,1304,69.12,3.06,6,0
142,Ultrasound,1779,41.39,4.19,2,0
143,Ventilator,7583,78.8,3.94,7,1
144,Ventilator,6486,63.37,1.95,1,0
145,Ventilator,6119,30.52,2.8,9,0
146,Ventilator,1887,42.77,4.04,8,0
147,Ventilator,3179,43.04,0.33,3,0
148,X-Ray,2606,33.46,4.06,0,0
149,CT Scanner,8673,77.99,0.97,7,0
150,Ventilator,4723,53.91,2.62,6,0
151,MRI,5331,74.79,4.06,4,0
152,MRI,3268,46.11,1.34,9,0
153,MRI,3686,36.26,1.3,4,0
154,MRI,3073,53.72,2.07,6,0
155,X-Ray,3099,35.7,4.48,4,0
156,MRI,4533,54.3,0.1,7,0
157,Ventilator,8928,76.01,4.52,5,1
158,Ultrasound,1804,56.04,0.85,4,0
159,MRI,7868,60.82,4.95,8,1
160,X-Ray,6377,37.83,4.78,1,0
161,X-Ray,1801,32.19,2.52,0,0
162,MRI,3041,35.54,2.61,7,0
163,Ultrasound,2551,59.93,2.46,2,0
164,MRI,7309,34.75,3.21,6,0
165,X-Ray,9133,48.8,0.54,9,0
166,CT Scanner,9496,57.5,0.26,7,0
167,Ventilator,574,49.43,0.38,5,0
168,X-Ray,7481,38.18,2.28,9,0
169,MRI,5975,43.69,1.45,8,0
170,Ventilator,8732,76.42,3.15,6,1
171,MRI,7684,63.8,4.96,9,1
172,MRI,6296,54.8,1.99,4,0
173,CT Scanner,7641,30.64,2.91,7,0
174,Ventilator,2122,79.62,2.14,1,0
175,Ventilator,8541,63.57,4.25,6,1
176,CT Scanner,841,45.85,4.52,3,0
177,X-Ray,2574,73.96,4.4,8,0
178,MRI,8492,42.92,4.87,0,0
179,Ultrasound,1145,57.2,0.23,6,0
180,MRI,4763,61.8,4.22,5,0
181,MRI,9301,41.05,3.78,7,0
182,X-Ray,6636,78.92,1.22,4,0
183,MRI,9146,67.41,4.79,0,1
184,CT Scanner,3469,57.89,0.83,0,0
185,CT Scanner,3528,39.03,3.43,8,0
186,Ventilator,8143,32.69,1.2,9,0
187,Ultrasound,3181,46.0,2.21,5,0
188,MRI,4129,67.66,3.62,9,0
189,MRI,4725,43.47,2.86,4,0
190,X-Ray,3567,56.98,2.19,0,0
191,CT Scanner,6441,66.4,1.7,5,0
192,Ultrasound,1886,35.4,4.21,5,0
193,Ventilator,3366,64.26,0.8,2,0
194,CT Scanner,5288,34.59,2.21,7,0
195,Ventilator,5990,78.26,4.53,0,0
196,X-Ray,4624,54.42,4.24,0,0
197,X-Ray,8840,37.53,2.06,5,0
198,MRI,4350,47.12,3.84,9,0
199,Ultrasound,5915,50.67,4.13,0,0
200,Ventilator,8179,67.91,4.46,5,1
201,CT Scanner,7319,67.17,2.77,0,1
202,X-Ray,9828,60.6,1.1,5,0
203,MRI,8878,35.3,1.35,2,0
204,MRI,9942,37.58,1.55,7,0
205,Ventilator,1833,34.69,3.01,5,0
206,X-Ray,4650,58.86,0.26,0,0
207,Ultrasound,7266,73.86,3.22,4,1
208,X-Ray,3211,51.69,1.89,7,0
209,Ventilator,5353,38.04,1.55,2,0
210,Ventilator,6712,57.9,4.41,5,0
211,X-Ray,7979,70.59,2.35,4,0
212,Ventilator,5908,67.09,0.57,5,0
213,X-Ray,8215,74.07,4.15,9,1
214,CT Scanner,9442,43.9,0.33,0,0
215,X-Ray,2262,39.7,3.66,6,0
216,X-Ray,7601,73.99,3.89,8,1
217,Ventilator,8174,62.88,1.83,1,0
218,Ventilator,6622,45.55,4.14,9,0
219,MRI,981,67.12,2.63,4,0
220,MRI,653,70.76,2.37,9,0
221,CT Scanner,8117,60.75,0.32,3,0
222,MRI,2024,64.39,1.52,5,0
223,X-Ray,2620,48.76,4.66,5,0
224,Ventilator,2843,56.93,2.02,1,0
225,MRI,5636,56.21,2.78,1,0
226,MRI,6260,72.4,2.71,3,0
227,CT Scanner,1740,72.0,2.99,0,0
228,CT Scanner,560,71.63,0.4,8,0
229,X-Ray,9630,30.55,1.87,6,0
230,Ventilator,2139,67.48,3.64,6,0
231,CT Scanner,6685,67.93,1.08,2,0
232,MRI,8470,63.92,1.1,2,0
233,Ventilator,1752,67.81,0.15,0,0
234,Ventilator,4703,72.1,2.24,2,0
235,MRI,8863,53.52,4.43,2,0
236,CT Scanner,4049,55.1,0.35,3,0
237,MRI,4697,36.24,1.04,3,0
238,Ventilator,7509,49.27,1.62,2,0
239,Ultrasound,7167,62.17,3.69,9,1
240,Ultrasound,2822,69.02,3.24,7,0
241,X-Ray,4590,40.86,2.14,7,0
242,MRI,7460,36.89,3.82,0,0
243,MRI,3504,63.15,3.09,6,0
244,X-Ray,5636,30.09,4.49,1,0
245,X-Ray,829,38.92,4.11,0,0
246,X-Ray,4140,31.45,1.34,2,0
247,Ventilator,8482,38.34,1.43,3,0
248,MRI,4607,39.07,0.71,5,0
249,Ventilator,1841,49.38,1.75,9,0
250,X-Ray,8907,50.12,5.0,4,0
251,MRI,838,73.71,2.09,3,0
252,Ventilator,6395,55.51,1.18,7,0
253,Ventilator,3208,66.17,3.84,3,0
254,X-Ray,2250,35.21,2.76,9,0
255,MRI,6104,41.27,0.83,1,0
256,X-Ray,2921,65.15,1.97,2,0
257,MRI,7619,32.64,2.13,5,0
258,Ultrasound,9401,54.33,3.79,7,0
259,CT Scanner,5819,59.97,0.2,7,0
260,CT Scanner,7109,60.11,1.42,8,0
261,CT Scanner,5887,31.15,2.64,6,0
262,X-Ray,4493,46.11,1.42,1,0
263,Ultrasound,9180,61.82,3.18,7,1
264,MRI,8544,37.45,2.46,6,0
265,Ventilator,8738,64.77,1.87,7,0
266,MRI,5373,67.3,4.75,2,0
267,Ventilator,5306,79.1,3.2,6,0
268,MRI,9092,40.49,0.74,9,0
269,Ultrasound,6413,71.26,2.84,8,0
270,Ventilator,7624,56.01,3.93,2,0
271,X-Ray,3657,48.67,3.57,9,0
272,MRI,890,36.12,0.94,5,0
273,MRI,4930,66.78,4.86,1,0
274,Ventilator,9320,41.79,2.3,1,0
275,X-Ray,8186,48.57,0.88,4,0
276,X-Ray,4732,33.13,0.98,4,0
277,Ultrasound,8507,70.07,0.58,6,0
278,X-Ray,2021,68.33,4.04,1,0
279,X-Ray,9518,66.68,0.7,6,0
280,X-Ray,2000,44.97,0.71,4,0
281,CT Scanner,7237,38.67,4.27,5,0
282,Ultrasound,3794,61.88,1.79,7,0
283,MRI,5585,54.81,0.25,9,0
284,Ventilator,2919,38.91,0.35,3,0
285,MRI,9626,64.3,0.8,6,0
286,Ultrasound,3542,79.56,1.15,5,0
287,Ventilator,4997,67.36,3.36,9,0
288,Ultrasound,1966,67.0,0.87,1,0
289,X-Ray,4061,77.52,0.68,7,0
290,Ventilator,1114,40.15,3.85,9,0
291,X-Ray,5892,58.28,3.39,8,0
292,MRI,8193,78.98,2.23,4,0
293,MRI,9874,38.26,2.79,9,0
294,Ventilator,3723,65.01,1.63,3,0
295,Ventilator,7638,59.29,2.46,5,0
296,Ultrasound,3167,59.32,2.58,7,0
297,Ultrasound,8480,64.88,2.0,2,0
298,X-Ray,630,76.48,4.54,9,0
299,Ventilator,3483,69.13,0.18,0,0
300,MRI,4778,32.81,3.93,3,0
301,Ultrasound,7626,72.64,0.71,3,0
302,Ultrasound,8730,41.28,4.01,0,0
303,MRI,8194,48.85,3.12,8,0
304,Ultrasound,7140,53.09,4.23,2,0
305,X-Ray,5968,54.05,0.58,4,0
306,Ventilator,1420,51.76,2.84,5,0
307,MRI,8064,76.87,2.56,7,1
308,Ventilator,9184,65.3,3.56,5,1
309,Ultrasound,9823,61.56,2.72,2,1
310,Ultrasound,9002,32.49,2.75,5,0
311,MRI,9430,75.2,2.21,0,0
312,X-Ray,3741,75.47,1.61,3,0
313,CT Scanner,1045,69.01,2.46,5,0
314,MRI,4846,30.35,0.68,6,0
315,CT Scanner,4310,32.86,4.81,9,0
316,CT Scanner,7706,41.26,3.6,2,0
317,X-Ray,9505,36.57,4.77,8,0
318,CT Scanner,2532,49.94,1.21,6,0
319,CT Scanner,8936,76.13,4.41,0,1
320,X-Ray,771,53.6,4.06,1,0
321,CT Scanner,4011,30.67,3.42,0,0
322,CT Scanner,2271,44.14,3.16,8,0
323,CT Scanner,9954,32.23,1.65,8,0
324,MRI,4861,31.81,4.1,6,0
325,MRI,7569,43.79,2.56,9,0
326,MRI,1420,43.78,0.45,2,0
327,X-Ray,8690,69.36,1.63,4,0
328,Ultrasound,3930,78.74,4.68,3,0
329,CT Scanner,4935,48.56,4.27,6,0
330,CT Scanner,4260,51.44,4.91,8,0
331,X-Ray,2550,72.24,3.18,1,0
332,CT Scanner,1665,43.41,1.31,7,0
333,MRI,9067,37.82,0.9,8,0
334,Ultrasound,2533,72.65,1.02,9,0
335,Ventilator,6967,32.33,0.2,9,0
336,CT Scanner,645,60.98,2.01,8,0
337,MRI,4888,58.1,1.04,9,0
338,Ventilator,8332,47.3,2.12,6,0
339,Ultrasound,9123,45.76,4.68,8,0
340,Ventilator,9396,68.59,2.21,8,0
341,MRI,8673,34.32,4.4,2,0
342,Ventilator,3132,41.84,3.07,3,0
343,X-Ray,4994,66.62,1.31,1,0
344,Ventilator,8556,57.42,1.84,9,0
345,CT Scanner,8011,36.4,0.51,2,0
346,CT Scanner,9655,74.11,1.73,4,0
347,X-Ray,2328,49.67,3.42,4,0
348,MRI,9630,71.39,0.45,5,0
349,CT Scanner,5305,69.39,1.11,6,0
350,Ultrasound,1306,61.22,1.97,6,0
351,CT Scanner,7986,54.72,4.91,0,0
352,CT Scanner,8702,78.98,3.95,1,1
353,MRI,2368,37.25,3.69,8,0
354,Ventilator,8378,66.26,0.67,9,0
355,CT Scanner,6190,39.56,3.93,1,0
356,X-Ray,8327,46.91,3.95,5,0
357,Ventilator,5929,45.43,3.05,0,0
358,Ultrasound,9576,77.35,4.95,2,1
359,MRI,4064,78.37,1.69,1,0
360,Ultrasound,1889,39.15,4.71,2,0
361,Ventilator,7774,31.1,4.58,4,0
362,Ventilator,1324,66.0,0.16,9,0
363,Ventilator,2765,50.9,2.31,5,0
364,Ultrasound,1436,34.44,4.89,8,0
365,Ventilator,6902,64.19,0.61,9,0
366,Ultrasound,4345,57.26,2.78,3,0
367,Ventilator,2296,79.03,4.9,6,0
368,X-Ray,8745,41.37,2.82,5,0
369,Ventilator,7714,50.2,1.03,1,0
370,Ultrasound,1226,57.13,2.95,9,0
371,CT Scanner,3236,69.58,1.1,7,0
372,Ventilator,2413,57.44,2.65,6,0
373,CT Scanner,8157,60.65,0.46,6,0
374,X-Ray,2966,41.31,3.07,7,0
375,MRI,9541,72.35,2.63,0,1
376,X-Ray,7812,51.43,3.73,0,0
377,Ventilator,8694,37.05,3.19,7,0
378,CT Scanner,8406,63.21,2.79,3,1
379,CT Scanner,5376,40.8,3.48,4,0
380,Ultrasound,7787,34.88,0.81,7,0
381,CT Scanner,1392,73.1,3.02,4,0
382,Ultrasound,5175,53.01,0.94,9,0
383,MRI,2433,67.46,4.64,3,0
384,Ventilator,1880,44.53,0.43,5,0
385,Ultrasound,1790,69.35,2.21,4,0
386,MRI,2140,35.6,3.51,6,0
387,CT Scanner,7990,47.8,2.34,9,0
388,CT Scanner,9679,78.9,0.55,6,0
389,MRI,1718,69.7,2.81,3,0
390,CT Scanner,5516,54.86,3.24,4,0
391,MRI,7381,46.99,3.55,2,0
392,Ultrasound,1454,73.61,1.93,3,0
393,Ultrasound,9675,57.24,2.86,3,0
394,MRI,7791,67.92,2.31,2,0
395,Ultrasound,1474,67.71,3.39,9,0
396,Ultrasound,4633,30.9,2.96,4,0
397,Ultrasound,5870,36.31,2.68,4,0
398,X-Ray,4472,62.98,1.32,6,0
399,Ventilator,5795,38.08,0.11,3,0
400,CT Scanner,9605,42.77,0.95,3,0
401,X-Ray,8728,77.33,0.67,8,0
402,Ultrasound,3520,58.01,2.3,5,0
403,MRI,9487,67.54,3.1,3,1
404,Ultrasound,4536,57.9,1.14,1,0
405,Ventilator,5568,57.63,4.7,5,0
406,Ultrasound,5733,34.71,0.13,1,0
407,MRI,817,47.18,3.88,4,0
408,Ventilator,2896,44.12,3.16,5,0
409,Ultrasound,2662,49.54,1.93,3,0
410,Ventilator,3245,69.92,0.35,2,0
411,CT Scanner,2091,48.6,3.17,6,0
412,CT Scanner,6683,52.58,1.99,1,0
413,Ultrasound,4430,49.87,4.69,5,0
414,Ventilator,1812,34.67,2.76,3,0
415,MRI,9977,52.05,4.7,5,0
416,Ultrasound,4811,39.78,1.18,3,0
417,CT Scanner,7814,39.34,3.66,3,0
418,CT Scanner,2883,34.7,3.12,3,0
419,Ultrasound,3739,47.83,3.72,8,0
420,Ventilator,2639,67.87,1.15,6,0
421,CT Scanner,2204,43.82,3.36,2,0
422,Ventilator,7424,45.62,2.54,2,0
423,CT Scanner,862,62.13,3.74,5,0
424,CT Scanner,3104,39.79,1.7,5,0
425,X-Ray,4786,74.85,4.46,3,0
426,CT Scanner,4238,56.01,0.51,8,0
427,MRI,2969,52.38,4.06,3,0
428,Ultrasound,5295,57.89,4.32,8,0
429,Ultrasound,6650,38.3,4.1,3,0
430,Ventilator,1056,60.67,2.61,1,0
431,CT Scanner,9517,48.16,2.25,1,0
432,MRI,3308,74.86,4.98,4,0
433,Ventilator,5650,38.44,1.22,3,0
434,X-Ray,8061,55.35,2.78,6,0
435,Ventilator,3219,59.91,3.39,4,0
436,Ventilator,7006,31.67,3.53,5,0
437,CT Scanner,4241,48.18,1.1,9,0
438,X-Ray,4498,66.63,3.3,3,0
439,Ventilator,2903,71.02,4.11,1,0
440,MRI,9280,45.66,0.35,9,0
441,MRI,794,69.93,4.57,8,0
442,Ultrasound,5843,78.39,0.24,9,0
443,X-Ray,1636,72.84,1.84,6,0
444,X-Ray,2564,35.88,0.18,3,0
445,Ultrasound,7509,66.99,0.48,2,0
446,Ventilator,5043,45.98,4.56,9,0
447,X-Ray,1507,79.42,1.84,2,0
448,MRI,5945,54.27,2.18,8,0
449,MRI,5852,36.12,1.16,4,0
450,CT Scanner,9939,66.26,3.03,2,1
451,X-Ray,1935,46.15,3.01,4,0
452,Ventilator,1071,79.85,1.92,1,0
453,Ultrasound,2882,78.99,1.73,3,0
454,Ultrasound,9937,62.81,4.44,9,1
455,Ventilator,5584,36.49,1.98,1,0
456,CT Scanner,777,64.34,2.52,1,0
457,Ultrasound,7559,34.65,1.49,7,0
458,X-Ray,2387,31.47,3.96,0,0
459,CT Scanner,1765,71.15,2.05,6,0
460,X-Ray,7991,40.49,2.62,4,0
461,MRI,1540,48.95,1.34,7,0
462,CT Scanner,9609,78.67,4.94,0,1
463,Ultrasound,8573,46.84,1.53,6,0
464,CT Scanner,9577,44.82,3.88,4,0
465,CT Scanner,3252,75.91,2.19,3,0
466,CT Scanner,8713,35.54,1.11,6,0
467,CT Scanner,5069,67.98,4.02,9,0
468,X-Ray,6853,79.4,1.73,1,0
469,MRI,2853,75.06,4.34,0,0
470,Ventilator,7937,62.58,4.58,0,1
471,CT Scanner,5299,45.7,4.31,0,0
472,Ultrasound,1186,42.72,0.27,4,0
473,CT Scanner,8976,70.96,3.96,9,1
474,Ultrasound,5311,73.99,2.12,6,0
475,X-Ray,9454,56.27,4.38,1,0
476,Ultrasound,5846,42.22,3.23,9,0
477,Ventilator,5543,35.65,4.18,7,0
478,MRI,2928,34.36,2.55,3,0
479,Ultrasound,5626,65.95,2.72,2,0
480,Ultrasound,8720,51.01,0.81,9,0
481,MRI,9598,75.27,3.94,7,1
482,Ventilator,8313,66.98,2.16,1,0
483,CT Scanner,3856,39.56,2.55,2,0
484,Ultrasound,9207,60.69,3.95,2,1
485,MRI,7766,51.78,3.03,9,0
486,X-Ray,7040,58.86,1.09,0,0
487,MRI,538,66.9,2.99,5,0
488,X-Ray,3842,70.31,2.1,1,0
489,Ventilator,9578,72.19,2.4,0,0
490,CT Scanner,3344,42.7,0.24,1,0
491,MRI,1598,31.56,1.13,5,0
492,Ultrasound,7527,66.96,1.48,3,0
493,Ventilator,2323,35.32,3.59,5,0
494,MRI,3655,45.75,0.16,8,0
495,Ultrasound,3593,30.19,2.1,9,0
496,MRI,6158,64.08,4.63,9,0
497,X-Ray,4278,38.36,0.65,7,0
498,MRI,3396,62.76,2.63,0,0
499,MRI,1488,79.59,3.95,7,0
500,MRI,4616,33.63,4.72,8,0
501,Ventilator,6946,33.85,3.76,5,0
502,MRI,4679,47.02,3.63,9,0
503,Ultrasound,2182,73.32,4.15,4,0
504,X-Ray,6126,40.78,2.29,5,0
505,X-Ray,7924,48.02,4.05,5,0
506,MRI,1433,33.43,0.14,8,0
507,Ventilator,4098,68.16,4.63,3,0
508,Ventilator,2480,50.42,2.27,1,0
509,Ultrasound,3556,67.96,2.81,8,0
510,MRI,9484,75.18,1.35,1,0
511,X-Ray,1291,41.64,3.74,9,0
512,Ventilator,5890,70.37,0.48,8,0
513,MRI,7135,32.95,4.38,1,0
514,Ventilator,2755,74.94,4.16,7,0
515,Ventilator,4110,62.54,1.16,8,0
516,X-Ray,2107,73.71,4.07,9,0
517,CT Scanner,5679,30.01,3.95,8,0
518,Ultrasound,7073,38.45,3.2,9,0
519,Ultrasound,1484,49.49,1.93,8,0
520,X-Ray,6276,48.98,1.43,1,0
521,Ventilator,4176,41.34,1.24,3,0
522,MRI,3880,49.08,1.66,6,0
523,Ventilator,9211,36.44,4.53,1,0
524,X-Ray,9282,50.64,0.48,0,0
525,Ultrasound,1550,70.12,4.16,2,0
526,Ventilator,4133,53.95,1.81,3,0
527,Ultrasound,6842,30.9,2.66,7,0
528,MRI,1459,51.07,3.99,5,0
529,Ultrasound,6559,31.36,4.43,1,0
530,Ultrasound,9384,78.31,1.79,8,0
531,CT Scanner,6155,36.37,2.36,1,0
532,CT Scanner,4973,65.38,2.13,4,0
533,CT Scanner,3446,78.64,0.16,3,0
534,Ultrasound,8225,71.3,1.55,6,0
535,X-Ray,1026,64.97,2.35,7,0
536,Ultrasound,3724,71.97,2.11,4,0
537,X-Ray,2375,79.09,3.64,9,0
538,X-Ray,2263,61.07,1.99,4,0
539,CT Scanner,9212,57.96,2.5,1,0
540,Ventilator,6297,61.41,2.21,7,0
541,MRI,9708,56.63,3.73,1,0
542,CT Scanner,7599,61.75,4.33,9,1
543,CT Scanner,5609,52.49,2.71,5,0
544,Ventilator,7144,40.92,3.97,7,0
545,MRI,616,36.01,1.55,5,0
546,Ultrasound,2933,33.42,2.75,3,0
547,Ultrasound,5963,43.17,1.79,3,0
548,CT Scanner,1083,32.31,2.13,5,0
549,MRI,9086,58.36,3.69,3,0
550,CT Scanner,4288,44.19,4.42,7,0
551,X-Ray,4667,71.23,0.7,8,0
552,CT Scanner,8965,33.71,3.21,0,0
553,CT Scanner,1889,41.32,2.95,3,0
554,Ultrasound,8857,66.51,0.68,3,0
555,Ultrasound,6654,59.94,1.14,1,0
556,Ultrasound,5920,33.22,1.62,5,0
557,X-Ray,9420,73.86,0.92,2,0
558,Ultrasound,2543,73.86,1.29,6,0
559,MRI,4697,46.52,1.41,4,0
560,Ventilator,3996,47.02,1.74,3,0
561,MRI,1278,79.45,3.77,4,0
562,MRI,713,61.31,2.9,7,0
563,Ultrasound,4262,56.57,4.93,2,0
564,Ventilator,7231,71.91,2.13,6,0
565,Ventilator,3617,44.26,3.79,5,0
566,Ventilator,6291,51.46,4.37,0,0
567,X-Ray,9283,43.39,3.43,6,0
568,Ultrasound,3220,69.46,2.12,6,0
569,Ventilator,9405,58.67,3.79,0,0
570,X-Ray,9627,62.94,1.1,8,0
571,CT Scanner,6547,42.62,1.71,5,0
572,CT Scanner,8532,41.01,2.78,1,0
573,X-Ray,501,54.42,2.92,4,0
574,X-Ray,6868,66.88,0.21,3,0
575,Ultrasound,2449,56.26,4.73,6,0
576,Ultrasound,7232,31.63,3.51,7,0
577,CT Scanner,8333,73.43,2.53,0,1
578,Ventilator,1417,33.23,4.67,4,0
579,CT Scanner,3674,77.79,2.25,2,0
580,Ventilator,7514,31.26,4.9,0,0
581,Ventilator,589,64.72,2.61,2,0
582,Ultrasound,2209,34.11,0.66,5,0
583,MRI,3541,75.53,3.85,6,0
584,MRI,605,53.22,3.43,7,0
585,X-Ray,9578,36.88,3.89,3,0
586,Ultrasound,9119,47.04,4.76,2,0
587,Ventilator,2395,38.24,3.9,4,0
588,MRI,6590,38.53,3.1,8,0
589,Ventilator,9008,77.41,4.3,5,1
590,MRI,6582,52.26,3.4,8,0
591,MRI,1134,69.44,2.1,5,0
592,MRI,2425,61.98,4.44,1,0
593,Ultrasound,2556,63.82,1.19,4,0
594,CT Scanner,7417,36.58,3.6,8,0
595,Ventilator,3644,41.71,4.42,7,0
596,Ultrasound,1052,69.34,3.68,6,0
597,Ultrasound,9407,78.54,3.52,0,1
598,Ultrasound,5883,43.13,3.79,3,0
599,Ultrasound,4411,43.58,2.38,6,0
600,Ultrasound,3889,53.64,4.38,6,0
601,X-Ray,9799,79.19,1.1,5,0
602,Ventilator,8942,43.45,0.72,7,0
603,Ultrasound,2930,50.35,1.5,5,0
604,Ventilator,958,74.57,2.7,9,0
605,X-Ray,707,30.15,2.6,2,0
606,X-Ray,1399,31.99,4.12,3,0
607,Ventilator,521,60.2,2.08,2,0
608,MRI,9101,75.37,2.47,0,0
609,CT Scanner,1394,41.94,0.17,9,0
610,MRI,1014,53.48,2.11,4,0
611,MRI,7794,52.52,3.27,0,0
612,MRI,5404,53.65,0.18,0,0
613,Ultrasound,8367,61.13,1.48,1,0
614,X-Ray,4609,53.49,1.12,3,0
615,MRI,7679,52.37,0.31,5,0
616,X-Ray,2060,53.71,2.45,7,0
617,Ventilator,1766,59.54,0.99,2,0
618,CT Scanner,4138,56.85,3.74,0,0
619,Ventilator,9441,72.71,4.25,2,1
620,Ventilator,3927,32.47,2.77,2,0
621,Ultrasound,5280,71.67,4.91,4,0
622,CT Scanner,2427,72.2,2.31,3,0
623,Ventilator,2856,44.25,2.62,3,0
624,Ventilator,5290,53.14,4.95,8,0
625,CT Scanner,806,51.93,1.23,6,0
626,CT Scanner,8479,40.93,4.72,3,0
627,Ventilator,4165,49.84,0.31,2,0
628,CT Scanner,7557,32.22,2.29,5,0
629,Ventilator,1161,43.89,0.44,2,0
630,Ventilator,5144,70.83,3.67,5,0
631,Ultrasound,9003,44.23,3.08,8,0
632,MRI,3420,70.91,3.56,5,0
633,Ventilator,9774,56.58,1.93,3,0
634,X-Ray,9446,73.99,1.91,4,0
635,MRI,6736,58.74,0.32,5,0
636,MRI,6578,31.48,1.81,2,0
637,MRI,852,63.77,4.65,7,0
638,Ultrasound,9594,32.24,1.96,3,0
639,Ventilator,7505,52.53,4.17,7,0
640,Ultrasound,658,76.47,4.23,9,0
641,Ventilator,1456,38.26,1.93,9,0
642,Ultrasound,2571,49.49,3.2,2,0
643,Ultrasound,9095,66.49,0.57,9,0
644,X-Ray,3953,74.11,0.61,6,0
645,Ultrasound,7175,63.55,0.34,8,0
646,CT Scanner,1455,42.91,2.95,3,0
647,X-Ray,6795,63.73,2.19,7,0
648,Ultrasound,2212,44.84,2.79,2,0
649,MRI,5203,65.92,2.65,6,0
650,CT Scanner,7063,77.7,1.82,2,0
651,CT Scanner,9965,66.07,3.42,6,1
652,CT Scanner,6131,73.14,3.82,9,0
653,X-Ray,1894,30.11,0.17,9,0
654,Ultrasound,9961,65.88,1.12,5,0
655,Ultrasound,5232,71.48,3.59,1,0
656,MRI,4214,32.03,1.99,2,0
657,MRI,1029,73.58,3.35,5,0
658,CT Scanner,3458,42.83,1.8,3,0
659,MRI,8404,63.26,2.01,5,0
660,X-Ray,4091,70.02,0.88,0,0
661,Ultrasound,7395,63.13,1.37,9,0
662,CT Scanner,9631,34.61,3.07,0,0
663,MRI,1025,59.82,2.22,2,0
664,X-Ray,6977,57.48,3.89,7,0
665,X-Ray,501,75.02,4.28,7,0
666,MRI,874,50.21,2.75,3,0
667,Ultrasound,5148,46.05,3.82,5,0
668,MRI,2865,67.49,1.6,7,0
669,CT Scanner,2025,50.63,2.13,6,0
670,MRI,2146,62.3,3.59,6,0
671,X-Ray,513,62.32,1.99,3,0
672,MRI,5099,74.4,2.98,8,0
673,Ultrasound,2778,59.93,1.01,9,0
674,Ventilator,3655,55.11,3.04,5,0
675,MRI,8821,36.94,4.32,2,0
676,Ultrasound,4314,35.79,4.36,4,0
677,Ultrasound,3716,37.72,3.65,4,0
678,X-Ray,8719,38.59,3.75,4,0
679,Ultrasound,2613,61.89,2.83,7,0
680,Ultrasound,9944,67.05,2.96,8,1
681,Ultrasound,4856,56.5,0.75,8,0
682,Ultrasound,6043,71.45,2.27,5,0
683,CT Scanner,5055,79.56,2.31,5,0
684,CT Scanner,7562,71.0,4.8,8,1
685,X-Ray,3874,64.74,2.21,3,0
686,MRI,6930,56.62,2.79,5,0
687,Ultrasound,3966,52.44,2.71,3,0
688,MRI,3581,34.22,3.22,0,0
689,MRI,1129,49.97,3.77,6,0
690,X-Ray,769,75.51,1.2,9,0
691,Ultrasound,6224,70.4,2.69,5,0
692,Ultrasound,6397,40.8,4.15,8,0
693,Ventilator,3932,53.33,2.37,6,0
694,MRI,9972,70.84,1.46,6,0
695,MRI,6776,33.37,3.31,1,0
696,CT Scanner,6395,49.37,4.14,8,0
697,Ventilator,7615,72.59,0.41,9,0
698,CT Scanner,7156,50.19,3.91,8,0
699,CT Scanner,1075,33.88,4.13,5,0
700,CT Scanner,7529,57.13,2.36,2,0
701,X-Ray,6599,73.09,4.92,0,0
702,X-Ray,9999,59.51,3.95,3,0
703,CT Scanner,3692,41.31,3.89,2,0
704,Ventilator,3678,49.21,3.76,0,0
705,MRI,6552,52.51,0.84,2,0
706,Ventilator,3234,58.96,1.16,3,0
707,Ultrasound,6616,67.97,2.37,7,0
708,X-Ray,4068,34.94,1.39,8,0
709,MRI,2703,74.48,2.13,2,0
710,MRI,1890,30.62,4.45,5,0
711,Ultrasound,2242,48.5,4.14,9,0
712,Ultrasound,2425,31.37,3.19,4,0
713,CT Scanner,1119,49.65,4.3,5,0
714,X-Ray,1774,56.29,3.94,3,0
715,X-Ray,1456,55.58,2.2,9,0
716,Ventilator,2439,38.28,1.09,5,0
717,CT Scanner,4453,62.29,2.62,6,0
718,CT Scanner,1468,32.24,3.71,8,0
719,CT Scanner,9735,68.1,2.24,9,0
720,CT Scanner,781,77.33,3.37,6,0
721,X-Ray,6762,46.99,0.56,5,0
722,X-Ray,1558,55.86,3.77,0,0
723,CT Scanner,4793,48.95,4.08,1,0
724,Ventilator,5678,30.34,3.56,0,0
725,MRI,7480,49.29,4.84,8,0
726,MRI,9700,69.59,4.15,9,1
727,Ventilator,1729,59.8,4.53,9,0
728,CT Scanner,9727,35.06,4.67,8,0
729,X-Ray,5085,72.36,4.03,6,0
730,MRI,8967,56.55,3.4,1,0
731,Ultrasound,3240,72.09,0.13,5,0
732,Ultrasound,2789,59.01,2.38,3,0
733,Ventilator,1739,57.98,2.9,0,0
734,CT Scanner,5870,35.26,1.59,0,0
735,MRI,625,38.37,1.66,4,0
736,CT Scanner,7973,78.6,4.81,1,1
737,MRI,9900,41.42,4.47,3,0
738,Ventilator,5842,78.87,4.26,0,0
739,Ventilator,7851,56.6,2.09,3,0
740,Ultrasound,7138,36.79,0.17,5,0
741,CT Scanner,7070,34.97,0.49,9,0
742,Ultrasound,3749,40.44,1.63,3,0
743,CT Scanner,9610,76.28,0.18,0,0
744,Ultrasound,8095,50.71,0.18,6,0
745,X-Ray,6794,49.77,4.59,1,0
746,X-Ray,7027,45.66,3.56,8,0
747,X-Ray,6257,37.35,1.61,2,0
748,X-Ray,2469,54.39,0.75,7,0
749,MRI,1391,36.5,2.61,7,0
750,X-Ray,4970,71.77,0.13,2,0
751,Ventilator,7675,48.52,4.7,3,0
752,Ventilator,8820,48.74,2.13,1,0
753,MRI,9706,53.7,2.07,3,0
754,X-Ray,7312,52.21,2.01,8,0
755,X-Ray,8019,79.74,0.44,1,0
756,X-Ray,5112,57.27,3.23,2,0
757,Ultrasound,1698,34.41,3.69,3,0
758,CT Scanner,5738,60.34,3.41,4,0
759,Ultrasound,6589,37.58,0.78,0,0
760,CT Scanner,6757,31.55,2.94,6,0
761,X-Ray,8205,78.54,2.89,9,1
762,X-Ray,4219,68.68,4.36,6,0
763,Ultrasound,802,79.01,1.96,8,0
764,Ultrasound,1486,53.89,1.92,3,0
765,CT Scanner,4940,56.61,3.13,5,0
766,Ventilator,5409,38.42,3.2,1,0
767,CT Scanner,3572,42.35,2.4,3,0
768,Ultrasound,3624,71.93,2.27,1,0
769,Ultrasound,8625,47.81,2.52,9,0
770,MRI,3791,71.34,4.32,4,0
771,Ultrasound,4533,65.45,2.36,6,0
772,MRI,5605,38.86,4.71,0,0
773,Ventilator,1203,55.37,2.57,9,0
774,CT Scanner,8633,63.87,4.75,9,1
775,CT Scanner,1074,41.75,4.18,6,0
776,MRI,6204,71.53,1.88,9,0
777,CT Scanner,8348,57.24,4.33,5,0
778,Ultrasound,5708,38.26,0.64,5,0
779,X-Ray,7424,59.15,4.63,7,0
780,MRI,4328,79.99,3.2,7,0
781,CT Scanner,3730,37.53,0.37,5,0
782,MRI,988,70.84,3.26,2,0
783,MRI,7614,40.37,4.87,4,0
784,X-Ray,3673,69.12,0.44,1,0
785,Ultrasound,2167,66.73,2.82,4,0
786,MRI,4614,45.02,3.76,8,0
787,CT Scanner,4053,46.29,4.07,9,0
788,Ventilator,8261,69.63,2.13,0,0
789,MRI,1500,53.07,1.1,9,0
790,MRI,9542,66.54,0.31,4,0
791,X-Ray,1888,37.4,2.94,5,0
792,Ultrasound,5950,72.63,2.32,6,0
793,Ventilator,4212,65.54,4.75,8,0
794,CT Scanner,1867,75.35,0.4,5,0
795,Ventilator,8689,36.62,3.46,4,0
796,CT Scanner,9513,59.65,0.22,6,0
797,Ultrasound,954,59.96,0.94,0,0
798,CT Scanner,3272,47.67,2.32,4,0
799,X-Ray,4226,52.92,2.33,1,0
800,X-Ray,7732,31.9,3.46,3,0
801,X-Ray,5306,67.29,4.56,6,0
802,X-Ray,2690,57.47,3.23,4,0
803,Ventilator,9608,32.89,4.77,5,0
804,Ultrasound,3375,64.04,4.42,1,0
805,CT Scanner,6092,53.34,2.96,2,0
806,CT Scanner,1940,31.72,4.19,6,0
807,X-Ray,9427,78.48,3.25,1,1
808,X-Ray,6559,77.46,0.48,5,0
809,MRI,7510,55.65,3.73,4,0
810,Ultrasound,7617,34.68,0.57,9,0
811,Ventilator,9653,67.73,3.01,0,1
812,CT Scanner,3489,54.6,3.54,9,0
813,MRI,9718,45.12,0.43,3,0
814,MRI,6728,54.57,1.23,1,0
815,CT Scanner,6971,56.12,4.59,3,0
816,Ventilator,3363,58.14,3.12,0,0
817,MRI,1677,52.06,1.31,1,0
818,MRI,5260,60.29,3.48,7,0
819,Ultrasound,511,75.94,3.02,5,0
820,Ventilator,5752,48.11,2.56,1,0
821,MRI,4899,66.29,4.88,5,0
822,Ventilator,8734,74.72,3.45,9,1
823,CT Scanner,9635,52.8,1.94,8,0
824,X-Ray,5945,52.17,4.02,6,0
825,MRI,7070,60.11,4.43,8,1
826,Ultrasound,9696,59.57,0.71,4,0
827,CT Scanner,8712,70.33,1.08,6,0
828,Ventilator,906,53.82,1.16,6,0
829,CT Scanner,9706,79.81,3.49,2,1
830,MRI,4931,32.97,3.05,6,0
831,Ventilator,5743,30.16,3.13,0,0
832,X-Ray,7042,62.01,4.71,8,1
833,CT Scanner,7436,44.92,3.9,9,0
834,MRI,9406,42.02,0.73,5,0
835,Ultrasound,4646,45.59,1.8,4,0
836,Ventilator,640,42.8,2.23,6,0
837,CT Scanner,5382,31.54,2.04,4,0
838,CT Scanner,6512,78.58,3.38,9,0
839,X-Ray,1463,41.04,4.47,4,0
840,X-Ray,7651,66.7,1.6,9,0
841,Ultrasound,9064,68.13,2.8,6,1
842,Ultrasound,4110,76.46,3.97,9,0
843,MRI,7394,31.53,2.14,6,0
844,MRI,7811,73.6,0.92,2,0
845,Ultrasound,605,56.36,2.43,2,0
846,Ultrasound,6039,61.63,0.37,9,0
847,Ventilator,7287,62.22,4.72,2,1
848,X-Ray,2637,70.99,0.47,5,0
849,MRI,4945,46.67,2.25,5,0
850,X-Ray,4030,66.65,2.7,2,0
851,X-Ray,1786,56.43,4.93,2,0
852,Ultrasound,7552,69.67,0.91,7,0
853,Ventilator,4154,79.53,0.66,7,0
854,CT Scanner,7602,40.03,0.14,6,0
855,Ventilator,2859,79.73,0.86,9,0
856,Ventilator,8605,34.49,1.12,3,0
857,X-Ray,9136,30.12,3.19,3,0
858,Ventilator,6941,32.21,1.18,2,0
859,MRI,5547,47.09,0.2,4,0
860,X-Ray,8727,61.65,4.15,2,1
861,MRI,5703,33.45,1.89,7,0
862,CT Scanner,2298,30.28,1.83,6,0
863,X-Ray,5791,76.85,1.58,2,0
864,CT Scanner,5995,71.1,4.88,8,0
865,X-Ray,6784,70.46,0.93,4,0
866,Ultrasound,7785,74.22,4.5,8,1
867,Ventilator,1800,65.0,3.91,6,0
868,Ultrasound,7369,35.22,0.47,6,0
869,CT Scanner,9935,49.96,4.93,5,0
870,Ventilator,3597,66.16,1.43,1,0
871,X-Ray,5116,44.02,0.58,8,0
872,Ventilator,509,64.37,4.16,5,0
873,MRI,6252,31.22,3.56,7,0
874,Ventilator,6795,45.31,3.12,0,0
875,MRI,5315,57.46,0.86,4,0
876,Ventilator,1572,61.6,2.44,0,0
877,MRI,3725,58.85,3.92,9,0
878,CT Scanner,1816,64.89,1.59,7,0
879,Ultrasound,6199,30.3,1.63,7,0
880,X-Ray,7307,35.05,0.12,0,0
881,Ventilator,7174,73.45,0.95,8,0
882,Ultrasound,4183,64.09,4.39,1,0
883,X-Ray,7727,35.65,2.26,8,0
884,X-Ray,3773,72.1,4.92,0,0
885,MRI,7500,42.11,2.04,9,0
886,CT Scanner,645,53.91,3.6,8,0
887,CT Scanner,5510,37.26,1.48,3,0
888,Ultrasound,3540,65.51,1.88,8,0
889,CT Scanner,982,63.34,1.03,6,0
890,Ventilator,3679,40.56,1.8,5,0
891,CT Scanner,1749,73.17,2.78,4,0
892,Ultrasound,1130,50.07,4.96,8,0
893,CT Scanner,9353,44.63,3.35,1,0
894,Ventilator,3352,37.62,1.08,1,0
895,MRI,1487,43.31,0.32,8,0
896,Ultrasound,8122,31.1,0.72,2,0
897,MRI,7827,59.16,2.86,7,0
898,MRI,9341,72.11,3.85,8,1
899,MRI,9660,57.45,4.71,7,0
900,X-Ray,1600,40.96,0.18,3,0
901,X-Ray,7152,31.68,2.66,0,0
902,MRI,9132,40.73,2.41,3,0
903,Ultrasound,7921,50.81,3.31,8,0
904,Ventilator,5516,67.98,2.84,1,0
905,Ventilator,1269,39.39,3.47,2,0
906,CT Scanner,1843,65.99,3.32,9,0
907,Ultrasound,4858,73.35,0.67,7,0
908,X-Ray,7280,52.7,4.02,5,0
909,MRI,7102,71.07,0.7,7,0
910,CT Scanner,2849,57.73,3.52,6,0
911,Ventilator,6199,61.85,2.14,4,0
912,X-Ray,1741,56.31,2.62,8,0
913,X-Ray,1625,53.16,4.53,3,0
914,MRI,9882,41.73,4.46,5,0
915,Ventilator,7264,45.16,4.11,1,0
916,Ultrasound,5601,44.5,2.6,1,0
917,X-Ray,8343,58.16,3.71,1,0
918,MRI,572,36.0,2.61,9,0
919,Ultrasound,5972,75.84,4.36,6,0
920,Ventilator,5689,66.03,2.07,1,0
921,X-Ray,2972,50.07,4.85,1,0
922,Ultrasound,1207,37.93,4.67,8,0
923,Ultrasound,2304,74.1,3.73,6,0
924,Ultrasound,7204,71.19,1.47,2,0
925,X-Ray,4213,66.09,0.75,2,0
926,X-Ray,5551,43.58,4.29,6,0
927,CT Scanner,2975,50.12,0.91,4,0
928,Ventilator,4110,35.14,4.29,9,0
929,MRI,4755,39.45,2.5,5,0
930,Ultrasound,7897,69.15,2.09,7,0
931,CT Scanner,2235,65.75,4.53,8,0
932,MRI,8758,59.67,3.06,0,0
933,CT Scanner,8479,74.79,2.93,2,1
934,X-Ray,2928,59.16,2.84,6,0
935,Ultrasound,7926,53.35,1.92,5,0
936,MRI,9033,47.02,3.95,6,0
937,MRI,5749,77.02,1.34,7,0
938,MRI,5791,34.14,4.7,5,0
939,MRI,3317,76.54,4.48,2,0
940,MRI,9924,71.34,1.75,1,0
941,CT Scanner,4374,36.5,3.67,6,0
942,Ultrasound,4711,58.25,2.91,0,0
943,X-Ray,1161,73.33,1.75,2,0
944,X-Ray,3874,58.59,4.94,3,0
945,X-Ray,9708,75.36,0.22,0,0
946,X-Ray,707,77.15,1.34,4,0
947,CT Scanner,3165,51.12,2.65,9,0
948,Ventilator,2993,48.87,2.66,2,0
949,Ultrasound,7313,76.82,2.99,1,1
950,MRI,1132,63.76,3.78,2,0
951,Ventilator,3583,35.8,3.16,7,0
952,X-Ray,4219,32.11,3.04,5,0
953,Ventilator,7623,58.23,0.36,6,0
954,Ultrasound,2179,76.51,1.94,5,0
955,MRI,736,72.21,1.24,5,0
956,MRI,7946,63.79,1.4,2,0
957,Ultrasound,4943,36.96,2.82,7,0
958,Ultrasound,7270,42.71,1.08,6,0
959,X-Ray,6599,73.78,1.54,6,0
960,MRI,9055,39.14,1.26,5,0
961,Ventilator,2868,43.92,4.75,4,0
962,CT Scanner,785,36.48,4.73,9,0
963,CT Scanner,648,63.81,3.09,7,0
964,Ultrasound,4537,77.2,4.63,4,0
965,X-Ray,7049,43.45,3.95,8,0
966,CT Scanner,7621,53.77,2.99,8,0
967,MRI,5395,61.72,0.13,0,0
968,Ultrasound,5780,79.97,3.89,5,0
969,Ventilator,1512,35.24,3.54,6,0
970,Ultrasound,3285,54.93,3.11,2,0
971,Ventilator,4225,49.26,3.83,6,0
972,Ultrasound,5076,73.29,2.61,6,0
973,Ultrasound,6282,53.8,3.55,1,0
974,Ultrasound,6757,35.55,4.68,6,0
975,Ventilator,2908,61.72,1.94,0,0
976,Ventilator,840,68.54,3.57,4,0
977,Ultrasound,3317,30.14,2.43,8,0
978,CT Scanner,2996,72.95,3.4,6,0
979,X-Ray,6462,39.3,3.84,6,0
980,X-Ray,5799,57.6,0.32,1,0
981,X-Ray,8074,50.79,3.27,7,0
982,Ventilator,2189,65.98,1.21,2,0
983,Ventilator,3767,48.56,3.38,7,0
984,CT Scanner,4906,73.49,2.39,2,0
985,X-Ray,8953,66.52,3.89,9,1
986,X-Ray,1942,62.39,0.7,6,0
987,Ultrasound,9097,69.81,3.17,1,1
988,Ventilator,4937,67.7,1.46,3,0
989,X-Ray,5935,31.8,4.28,5,0
990,CT Scanner,8935,49.74,4.65,8,0
991,CT Scanner,4607,76.54,4.98,4,0
992,X-Ray,1060,36.29,4.0,8,0
993,Ventilator,9285,66.85,3.79,4,1
994,CT Scanner,6048,78.73,1.16,9,0
995,Ultrasound,2326,32.61,1.75,7,0
996,CT Scanner,8129,64.11,2.38,0,0
997,MRI,8825,53.41,3.89,6,0
998,MRI,3638,58.96,4.58,3,0
999,Ventilator,8193,34.27,1.03,4,0
1000,X-Ray,8764,32.15,4.62,5,0
